corpus	id	parse	verdict
docs/campaigns/open-model-qwen3/tasks-oq3-v5.json	D1	dest docs/knife-sharpening.md	New
docs/campaigns/open-model-qwen3/tasks-oq3-v5.json	D2	error rename is not supported: name the file to create or edit	Refused(rename is not supported: name the file to create or edit)
docs/campaigns/open-model-qwen3/tasks-oq3-v5.json	D3	dest docs/savings-basics.md	New
docs/campaigns/open-model-qwen3/tasks-oq3-v5.json	D4	error ambiguous destination: the goal names several files to write (notes/choir-rehearsal.txt, docs/choir-summary.md); name one	Refused(ambiguous destination: the goal names several files to write (notes/choir-rehearsal.txt, docs/choir-summary.md); name one)
docs/campaigns/open-model-qwen3/tasks-oq3-v5.json	D5	dest docs/packing-carry-on.md	New
docs/campaigns/open-model-qwen3/tasks-oq3-v5.json	D6	dest docs/rescue-cat-essay.md	New
docs/campaigns/open-model-qwen3/tasks-oq3-v5.json	E1	dest repairs/tap-repair.md	New
docs/campaigns/open-model-qwen3/tasks-oq3-v5.json	E2	dest crafts/yarn/scarf.md	New
docs/campaigns/open-model-qwen3/tasks-oq3-v5.json	N1	dest ../shared-stuff/reminder.txt	Refused(destination ../shared-stuff/reminder.txt cannot be written safely (not a plain relative path inside the workspace); refusing)
docs/campaigns/open-model-qwen3/tasks-oq3-v5.json	N2	dest docs/marathon-story.md	New
docs/campaigns/open-model-qwen3/tasks-oq3-v5.json	R1	dest notes/swim-tip.txt	New
docs/campaigns/open-model-qwen3/tasks-oq3-v4.json	W1	dest docs/COMPOST.md	New
docs/campaigns/open-model-qwen3/tasks-oq3-v4.json	W2	dest docs/BACKUPS.md	New
docs/campaigns/open-model-qwen3/tasks-oq3-v4.json	W3	dest docs/SEED-SAVING.md	New
docs/campaigns/open-model-qwen3/tasks-oq3-v4.json	W4	dest docs/WEEK-SUMMARY.md	New
docs/campaigns/open-model-qwen3/tasks-oq3-v4.json	W5	dest docs/CAMPING-LIST.md	New
docs/campaigns/open-model-qwen3/tasks-oq3-v4.json	U1	dest notes/GARAGE.md	New
docs/campaigns/open-model-qwen3/tasks-oq3-v4.json	U2	dest todo/CHORES.md	New
docs/campaigns/open-model-qwen3/tasks-oq3-v4.json	N1	dest ../shared/readme-copy.txt	Refused(destination ../shared/readme-copy.txt cannot be written safely (not a plain relative path inside the workspace); refusing)
docs/campaigns/open-model-qwen3/tasks-oq3-v4.json	N2	dest docs/HISTORY.md	New
docs/campaigns/open-model-qwen3/tasks-oq3-v4.json	R1	dest docs/THANKS.txt	New
docs/campaigns/open-model-qwen3/tasks-oq3-v4.json	RG2	dest docs/RELEASE-CHECKLIST.md	New
docs/campaigns/open-model-qwen3/tasks-oq3-v4.json	RG3	dest docs/ONBOARDING.md	New
docs/campaigns/open-model-qwen3/tasks-oq3-v4.json	RT4	dest docs/GUIDE.md	New
docs/campaigns/open-model-qwen3/tasks-oq3-v4.json	RT6	dest docs/TROUBLESHOOTING.md	New
docs/campaigns/open-model-qwen3/tasks-oq3-v3.json	G1	dest docs/PIPELINE.md	New
docs/campaigns/open-model-qwen3/tasks-oq3-v3.json	G2	dest docs/RELEASE-CHECKLIST.md	New
docs/campaigns/open-model-qwen3/tasks-oq3-v3.json	G3	dest docs/ONBOARDING.md	New
docs/campaigns/open-model-qwen3/tasks-oq3-v3.json	E1	dest ROADMAP.md	New
docs/campaigns/open-model-qwen3/tasks-oq3-v3.json	E2	dest docs/OPERATIONS.md	New
docs/campaigns/open-model-qwen3/tasks-oq3-v3.json	N1	dest ../handover/summary.txt	Refused(destination ../handover/summary.txt cannot be written safely (not a plain relative path inside the workspace); refusing)
docs/campaigns/open-model-qwen3/tasks-oq3-v3.json	N2	dest docs/OVERVIEW.md	New
docs/campaigns/open-model-qwen3/tasks-oq3-v3.json	R1	dest docs/HELLO.txt	New
docs/campaigns/open-model-qwen3/dryrun-tasks-v2.json	T4	dest docs/GUIDE.md	New
docs/campaigns/open-model-qwen3/dryrun-tasks-v2.json	T5	dest CHANGELOG.md	New
docs/campaigns/open-model-qwen3/dryrun-tasks-v2.json	T6	dest docs/TROUBLESHOOTING.md	New
docs/campaigns/open-model-qwen3/dryrun-tasks-v2.json	T7	dest TODO.md	New
docs/campaigns/open-model-qwen3/dryrun-tasks-v2.json	N1	dest ../elsewhere.txt	Refused(destination ../elsewhere.txt cannot be written safely (not a plain relative path inside the workspace); refusing)
docs/campaigns/open-model-qwen3/dryrun-tasks-v2.json	N2	dest NOTES.md	New
docs/campaigns/open-model-qwen3/dryrun-tasks-v2.json	R1	dest NOTES.md	New
docs/campaigns/open-model-qwen3/diagnostic-long-1-tasks.json	D1	dest docs/GUIDE.md	New
docs/campaigns/open-model-qwen3/diagnostic-long-1-tasks.json	D2	dest docs/TROUBLESHOOTING.md	New
docs/campaigns/open-model-qwen3/diagnostic-long-1-tasks.json	D3	dest docs/ARCHITECTURE.md	New
docs/campaigns/open-model-qwen3/diagnostic-long-1-tasks.json	D4	dest docs/CONTRIBUTING.md	New
docs/campaigns/open-model-qwen3/diagnostic-long-1-tasks.json	D5	dest docs/FAQ.md	New
docs/campaigns/next-phase-1/tasks-v5.json	T1	dest NOTES.md	New
docs/campaigns/next-phase-1/tasks-v5.json	T2	dest docs/CONTACT.txt	New
docs/campaigns/next-phase-1/tasks-v5.json	T3	dest TODO.md	New
docs/campaigns/next-phase-1/tasks-v6.json	T4	dest docs/GUIDE.md	New
docs/campaigns/next-phase-1/tasks-v6.json	T5	dest CHANGELOG.md	New
docs/campaigns/next-phase-1/tasks-v6.json	N1	dest ../outside.txt	Refused(destination ../outside.txt cannot be written safely (not a plain relative path inside the workspace); refusing)
docs/campaigns/next-phase-1/tasks-v6.json	N2	dest NOTES.md	New
docs/campaigns/next-phase-1/tasks-v6.json	R1	dest NOTES.md	New
docs/campaigns/next-phase-1/tasks-v8.json	T4	dest docs/GUIDE.md	New
docs/campaigns/next-phase-1/tasks-v8.json	T5	dest CHANGELOG.md	New
docs/campaigns/next-phase-1/tasks-v8.json	T6	dest docs/TROUBLESHOOTING.md	New
docs/campaigns/next-phase-1/tasks-v8.json	T7	dest TODO.md	New
docs/campaigns/next-phase-1/tasks-v8.json	N1	dest ../outside.txt	Refused(destination ../outside.txt cannot be written safely (not a plain relative path inside the workspace); refusing)
docs/campaigns/next-phase-1/tasks-v8.json	N2	dest NOTES.md	New
docs/campaigns/next-phase-1/tasks-v8.json	R1	dest NOTES.md	New
